,n_neighbors,min_dist,qij_score
0,2,0.01,0.06596186927520797
1,2,0.025,0.06321708266429837
2,2,0.05,0.015391297848759145
3,2,0.075,0.02823818207476414
4,2,0.1,0.026099869619903515
5,2,0.25,-0.010536237332474663
6,2,0.5,0.019543791030860014
7,2,0.75,0.0775148953178979
8,2,1.0,0.06590092712998885
9,3,0.01,1.0047216548554294
10,3,0.025,0.9849301271808928
11,3,0.05,0.9916895329770306
12,3,0.075,0.9611797051340716
13,3,0.1,0.9817475700510085
14,3,0.25,1.0528090240576935
15,3,0.5,0.9999691007248908
16,3,0.75,0.9197559096486669
17,3,1.0,0.9293415280218698
18,4,0.01,1.3167892681917595
19,4,0.025,1.258806812257622
20,4,0.05,1.3101913243982644
21,4,0.075,1.2958988778331442
22,4,0.1,1.2433885017544508
23,4,0.25,1.213719269308255
24,4,0.5,1.153085791714263
25,4,0.75,1.0659934355943612
26,4,1.0,1.072771420824779
27,5,0.01,1.365464358974977
28,5,0.025,1.3743227289313218
29,5,0.05,1.3245336023819823
30,5,0.075,1.2892452306372295
31,5,0.1,1.2716390505254997
32,5,0.25,1.214715677619548
33,5,0.5,1.1775615470994563
34,5,0.75,1.0408000997237865
35,5,1.0,1.0305461017349034
36,6,0.01,1.3108202480305238
37,6,0.025,1.3221751458756597
38,6,0.05,1.2905903256287807
39,6,0.075,1.05181986575644
40,6,0.1,1.2517925700671322
41,6,0.25,1.030344424483145
42,6,0.5,1.0227679567297345
43,6,0.75,1.0207196271477557
44,6,1.0,0.9981330920340721
45,7,0.01,1.3450305221154606
46,7,0.025,1.3299882726963954
47,7,0.05,1.3958767497878188
48,7,0.075,1.38708284950056
49,7,0.1,1.2962807450080769
50,7,0.25,1.22063349056321
51,7,0.5,1.1162063945147933
52,7,0.75,1.0397434918308939
53,7,1.0,1.0715158545782169
54,8,0.01,1.3798304941947332
55,8,0.025,1.3721968928838884
56,8,0.05,1.3609673110856262
57,8,0.075,1.3011501771750487
58,8,0.1,1.3201695411152112
59,8,0.25,1.2282460121341803
60,8,0.5,1.1508230507436261
61,8,0.75,1.1180163744551415
62,8,1.0,1.0985060845708423
63,9,0.01,1.3913899583475935
64,9,0.025,1.3858664206603422
65,9,0.05,1.3500311551002042
66,9,0.075,1.346703884820454
67,9,0.1,1.3449189060551499
68,9,0.25,1.2898442881319356
69,9,0.5,1.1317062081993976
70,9,0.75,1.1078529804990511
71,9,1.0,1.0614505099499576
72,10,0.01,1.342191720544327
73,10,0.025,1.3463424153988557
74,10,0.05,1.3302984733046888
75,10,0.075,1.3093061738586922
76,10,0.1,1.2876953719678266
77,10,0.25,1.206357813292315
78,10,0.5,1.087031986431529
79,10,0.75,1.0437038531507596
80,10,1.0,1.0521826728110524
81,11,0.01,1.3847596663095167
82,11,0.025,1.3670246260997896
83,11,0.05,1.339337496116734
84,11,0.075,1.308590486621239
85,11,0.1,1.2565823404780732
86,11,0.25,1.230027019847343
87,11,0.5,1.1053687567308215
88,11,0.75,1.0618215906574733
89,11,1.0,1.0462238006842055
90,12,0.01,1.3947380767994
91,12,0.025,1.3359393609720671
92,12,0.05,1.3536657499715448
93,12,0.075,1.303311745020352
94,12,0.1,1.295513547992587
95,12,0.25,1.2205029977519288
96,12,0.5,1.1391343600032986
97,12,0.75,1.075552259123688
98,12,1.0,1.055659591564373
99,13,0.01,1.3738511457847755
100,13,0.025,1.3233038322448252
101,13,0.05,1.3598759013142319
102,13,0.075,1.3021927764199255
103,13,0.1,1.255091230957122
104,13,0.25,1.2052030443920847
105,13,0.5,1.122879596098798
106,13,0.75,1.0683531906757153
107,13,1.0,1.0478700175712206
108,14,0.01,1.3556541526138757
109,14,0.025,1.3569177746541827
110,14,0.05,1.3250481569976387
111,14,0.075,1.2817155047850353
112,14,0.1,1.3336016127083834
113,14,0.25,1.2137087666423128
114,14,0.5,1.124060932271175
115,14,0.75,1.065639321342183
116,14,1.0,1.051740953296047
117,15,0.01,1.451899952623334
118,15,0.025,1.4342661734516549
119,15,0.05,1.3574271911293971
120,15,0.075,1.3003254946344098
121,15,0.1,1.304459829742398
122,15,0.25,1.1906029097053574
123,15,0.5,1.0993918823111795
124,15,0.75,1.04919307324651
125,15,1.0,1.0591468459278381
126,16,0.01,1.3800606503462447
127,16,0.025,1.3602791528445675
128,16,0.05,1.3629850282108338
129,16,0.075,1.2967486901412046
130,16,0.1,1.288040283536481
131,16,0.25,1.2310210926176568
132,16,0.5,1.1079111803494088
133,16,0.75,1.066183496802589
134,16,1.0,1.0465273479896853
135,17,0.01,1.3795885895228457
136,17,0.025,1.3461051808618345
137,17,0.05,1.3131064793837277
138,17,0.075,1.3582420170324188
139,17,0.1,1.268464092836175
140,17,0.25,1.2079921732422516
141,17,0.5,1.1113518619484752
142,17,0.75,1.0695793867598198
143,17,1.0,1.0511830104811049
144,18,0.01,1.348500394270217
145,18,0.025,1.3374411983095582
146,18,0.05,1.3667224138998328
147,18,0.075,1.2734972838591991
148,18,0.1,1.2668754358965213
149,18,0.25,1.2465741125697543
150,18,0.5,1.1147890067662685
151,18,0.75,1.0686381781031464
152,18,1.0,1.0585050606008313
153,19,0.01,1.3936533640336526
154,19,0.025,1.3954644323971426
155,19,0.05,1.3313444535244994
156,19,0.075,1.3457864401438995
157,19,0.1,1.31420320019288
158,19,0.25,1.1885399425122314
159,19,0.5,1.116589577941487
160,19,0.75,1.0578291056176194
161,19,1.0,1.0507833708496381
162,20,0.01,1.3858916243372192
163,20,0.025,1.3730129240629605
164,20,0.05,1.3367154878006309
165,20,0.075,1.3468774423042236
166,20,0.1,1.2801318611262973
167,20,0.25,1.1855896816813045
168,20,0.5,1.1026504949154914
169,20,0.75,1.08514325679828
170,20,1.0,1.05425149254918
171,21,0.01,1.3814860044111796
172,21,0.025,1.325235119102988
173,21,0.05,1.3622032289355763
174,21,0.075,1.3056195976369134
175,21,0.1,1.3021817085999565
176,21,0.25,1.1740330521398485
177,21,0.5,1.1110869823485228
178,21,0.75,1.0701872492299271
179,21,1.0,1.045113155501884
180,22,0.01,1.4167541302144455
181,22,0.025,1.387207628494588
182,22,0.05,1.3207556499188096
183,22,0.075,1.3071865433805057
184,22,0.1,1.2776178930476272
185,22,0.25,1.1984898661348273
186,22,0.5,1.1108319964537143
187,22,0.75,1.0729584455517287
188,22,1.0,1.0652835800752047
189,23,0.01,1.3397707693535867
190,23,0.025,1.3546369612453946
191,23,0.05,1.3762214072831078
192,23,0.075,1.3247900604332408
193,23,0.1,1.2773393680393683
194,23,0.25,1.1828135053682303
195,23,0.5,1.0936043372215458
196,23,0.75,1.0707991792283442
197,23,1.0,1.0569389086070338
198,24,0.01,1.3393715226047718
199,24,0.025,1.3673493134183312
200,24,0.05,1.3173568918233984
201,24,0.075,1.2674614878632715
202,24,0.1,1.2596852614738383
203,24,0.25,1.1847405020162398
204,24,0.5,1.1004150559113066
205,24,0.75,1.0670984453176287
206,24,1.0,1.0583644049331955
207,25,0.01,1.302611051660132
208,25,0.025,1.3411133974880851
209,25,0.05,1.262204989679372
210,25,0.075,1.306160044492767
211,25,0.1,1.2368781697186222
212,25,0.25,1.1846321747851247
213,25,0.5,1.0926502415238986
214,25,0.75,1.0618267662281884
215,25,1.0,1.0270202573250673
216,26,0.01,1.362198067319854
217,26,0.025,1.3213655651274694
218,26,0.05,1.326332522027398
219,26,0.075,1.3094169256355865
220,26,0.1,1.2540151061264053
221,26,0.25,1.171509785104793
222,26,0.5,1.091071340695554
223,26,0.75,1.0605940051492793
224,26,1.0,1.0520696960338451
225,27,0.01,1.346916569996778
226,27,0.025,1.307366058247604
227,27,0.05,1.3286509139365146
228,27,0.075,1.2851814700574762
229,27,0.1,1.2701977396585553
230,27,0.25,1.1543533392226077
231,27,0.5,1.077494246699569
232,27,0.75,1.0550079385496067
233,27,1.0,1.055336367087289
234,28,0.01,1.3011338819013138
235,28,0.025,1.4056224015354637
236,28,0.05,1.2670322029101477
237,28,0.075,1.2780298113776851
238,28,0.1,1.2191783328792134
239,28,0.25,1.1535040672351977
240,28,0.5,1.0929940348993528
241,28,0.75,1.0500204926965573
242,28,1.0,1.0587898759078866
243,29,0.01,1.3220637180292591
244,29,0.025,1.3123726011075982
245,29,0.05,1.3109021598109756
246,29,0.075,1.302824519328209
247,29,0.1,1.2792359105588247
248,29,0.25,1.1824886317613172
249,29,0.5,1.08521140498505
250,29,0.75,1.0654458647269855
251,29,1.0,1.0425472803416511
252,30,0.01,1.351106194663199
253,30,0.025,1.3098215036858774
254,30,0.05,1.3015237533675847
255,30,0.075,1.2917468227313336
256,30,0.1,1.2453023215816277
257,30,0.25,1.168200719173445
258,30,0.5,1.084349585254066
259,30,0.75,1.0438919880018842
260,30,1.0,1.0257539978873513
261,31,0.01,1.332685439115334
262,31,0.025,1.2907789830166783
263,31,0.05,1.2853123552444838
264,31,0.075,1.2601347911829777
265,31,0.1,1.2817087051221936
266,31,0.25,1.1602285452217451
267,31,0.5,1.0864667284378653
268,31,0.75,1.0669482592468889
269,31,1.0,1.046536297788422
270,32,0.01,1.3092904922427584
271,32,0.025,1.31843232820348
272,32,0.05,1.2460291788494624
273,32,0.075,1.2594838089327167
274,32,0.1,1.218795005776209
275,32,0.25,1.1393626391729352
276,32,0.5,1.0867350538102851
277,32,0.75,1.064750849545435
278,32,1.0,1.0626259222649521
279,33,0.01,1.3026780370674427
280,33,0.025,1.2907989015136412
281,33,0.05,1.2741308747842757
282,33,0.075,1.2603027336129804
283,33,0.1,1.2528521472937824
284,33,0.25,1.12836349810219
285,33,0.5,1.064767193929928
286,33,0.75,1.0485849388833985
287,33,1.0,1.0279172231105385
288,34,0.01,1.309571199618964
289,34,0.025,1.2736481548732579
290,34,0.05,1.3069250284561713
291,34,0.075,1.2761101321893724
292,34,0.1,1.2082661655132219
293,34,0.25,1.154550306291796
294,34,0.5,1.0840366585967782
295,34,0.75,1.0543337041691752
296,34,1.0,1.0360821378882523
297,35,0.01,1.3699163154007046
298,35,0.025,1.3425945800000658
299,35,0.05,1.3294263638616375
300,35,0.075,1.2497212063070426
301,35,0.1,1.2709309096711676
302,35,0.25,1.1489040774048371
303,35,0.5,1.100782359370161
304,35,0.75,1.0495333024656741
305,35,1.0,1.036519373970319
306,36,0.01,1.344931277905764
307,36,0.025,1.2945093320881949
308,36,0.05,1.2625212402806358
309,36,0.075,1.264916138057596
310,36,0.1,1.259396450719903
311,36,0.25,1.1543998087464988
312,36,0.5,1.0770361577845113
313,36,0.75,1.065606507491811
314,36,1.0,1.0434611093313455
315,37,0.01,1.3386553713020124
316,37,0.025,1.27460189176335
317,37,0.05,1.2620777614070393
318,37,0.075,1.2387812262709197
319,37,0.1,1.221835687740418
320,37,0.25,1.1254580667908467
321,37,0.5,1.0829457165494425
322,37,0.75,1.0496463392246822
323,37,1.0,1.0417034820282494
324,38,0.01,1.3137762754379354
325,38,0.025,1.2954471526023221
326,38,0.05,1.2918639907174425
327,38,0.075,1.2631904597257089
328,38,0.1,1.2486044245784491
329,38,0.25,1.170159075558912
330,38,0.5,1.0934516027035626
331,38,0.75,1.0602015470585098
332,38,1.0,1.0456606858114013
333,39,0.01,1.346644205453793
334,39,0.025,1.2974670969416442
335,39,0.05,1.2869265430911074
336,39,0.075,1.274809859810417
337,39,0.1,1.2681820986411667
338,39,0.25,1.168596563409598
339,39,0.5,1.0853574617332855
340,39,0.75,1.0608619001166995
341,39,1.0,1.0545069085420558
342,40,0.01,1.3140301261392766
343,40,0.025,1.2908281319647266
344,40,0.05,1.2960599539005235
345,40,0.075,1.2706251415438805
346,40,0.1,1.2101989026479556
347,40,0.25,1.1306531952712637
348,40,0.5,1.069013171722644
349,40,0.75,1.0468670555710302
350,40,1.0,1.0335207693108588
351,41,0.01,1.3072382507535165
352,41,0.025,1.2826774598473536
353,41,0.05,1.236362635186457
354,41,0.075,1.2393931585027422
355,41,0.1,1.2419180444980134
356,41,0.25,1.1326170552457961
357,41,0.5,1.073454120193655
358,41,0.75,1.0547218989693086
359,41,1.0,1.046900209493577
360,42,0.01,1.294799072006696
361,42,0.025,1.2806050727837013
362,42,0.05,1.2655341914437805
363,42,0.075,1.234733642181756
364,42,0.1,1.2094495657075282
365,42,0.25,1.1328740794066823
366,42,0.5,1.0687946095350247
367,42,0.75,1.0547254863260056
368,42,1.0,1.0484613225462214
369,43,0.01,1.2945152699136466
370,43,0.025,1.3254668583299534
371,43,0.05,1.2772721575997243
372,43,0.075,1.2157255231824369
373,43,0.1,1.2229723326007758
374,43,0.25,1.164059617669003
375,43,0.5,1.0914393890957559
376,43,0.75,1.050104270017993
377,43,1.0,1.0344758331841835
378,44,0.01,1.2992965638451768
379,44,0.025,1.2724880609606526
380,44,0.05,1.2011222088585818
381,44,0.075,1.222055238497739
382,44,0.1,1.1800716821022554
383,44,0.25,1.1369058235030494
384,44,0.5,1.0544722468287677
385,44,0.75,1.0397788479579022
386,44,1.0,1.0325278485951506
387,45,0.01,1.248428282728467
388,45,0.025,1.23887710528009
389,45,0.05,1.286227273492722
390,45,0.075,1.2039299066473355
391,45,0.1,1.1792267884900953
392,45,0.25,1.111802421975403
393,45,0.5,1.0800491861510793
394,45,0.75,1.0396196588421738
395,45,1.0,1.0380143745764876
396,47,0.01,1.3410416695116458
397,47,0.025,1.292226620666865
398,47,0.05,1.2699760575254722
399,47,0.075,1.254778977084313
400,47,0.1,1.2342781033536792
401,47,0.25,1.140391128313449
402,47,0.5,1.0739884366449672
403,47,0.75,1.05016536222573
404,47,1.0,1.0384721595198636
405,48,0.01,1.2884045100514747
406,48,0.025,1.2868402611727676
407,48,0.05,1.2644870358724303
408,48,0.075,1.2396949914110467
409,48,0.1,1.198634667694253
410,48,0.25,1.1362072185139276
411,48,0.5,1.0700331634426572
412,48,0.75,1.0487875719750885
413,48,1.0,1.0376231617725526
414,49,0.01,1.271953885626809
415,49,0.025,1.2656533300219532
416,49,0.05,1.2199244613024218
417,49,0.075,1.204320588257069
418,49,0.1,1.2057583258616447
419,49,0.25,1.1162505084471466
420,49,0.5,1.0596268557127484
421,49,0.75,1.0411757919867863
422,49,1.0,1.0291886900445535
423,51,0.01,1.2498224289642739
424,51,0.025,1.2825736073357508
425,51,0.05,1.2019455681563302
426,51,0.075,1.220361026443455
427,51,0.1,1.1924695494961979
428,51,0.25,1.1176324232921262
429,51,0.5,1.082224312937491
430,51,0.75,1.0315564411539908
431,51,1.0,1.0387502071191852
432,52,0.01,1.2647036431155652
433,52,0.025,1.2534505330148633
434,52,0.05,1.2062056742682223
435,52,0.075,1.232297941745177
436,52,0.1,1.2211341443345622
437,52,0.25,1.128783040674156
438,52,0.5,1.0799000889045036
439,52,0.75,1.0508287107614773
440,52,1.0,1.0314126255853093
441,54,0.01,1.2931905166261934
442,54,0.025,1.3117195583059944
443,54,0.05,1.2450998127318194
444,54,0.075,1.2388558585764837
445,54,0.1,1.201433593895512
446,54,0.25,1.1111808879119325
447,54,0.5,1.0590086225741278
448,54,0.75,1.0443144890629172
449,54,1.0,1.0162590697303946
450,55,0.01,1.3070235600364537
451,55,0.025,1.2874039547998626
452,55,0.05,1.269754058432107
453,55,0.075,1.2603568093263382
454,55,0.1,1.2216772114598289
455,55,0.25,1.1826866095587407
456,55,0.5,1.0782776463164314
457,55,0.75,1.0607651848981092
458,55,1.0,1.036265581858543
459,57,0.01,1.3170577052203738
460,57,0.025,1.2546915101066816
461,57,0.05,1.2586495811595508
462,57,0.075,1.2599064619081988
463,57,0.1,1.1770024632232037
464,57,0.25,1.1277805858074723
465,57,0.5,1.0769428847808422
466,57,0.75,1.0530264784569399
467,57,1.0,1.0453593230704712
468,58,0.01,1.2612046771670835
469,58,0.025,1.275232276220394
470,58,0.05,1.2341079220658884
471,58,0.075,1.2279258235670518
472,58,0.1,1.200813529712149
473,58,0.25,1.1238207677408338
474,58,0.5,1.0745207537040038
475,58,0.75,1.042742879967677
476,58,1.0,1.0417723626460331
477,60,0.01,1.2417480656226116
478,60,0.025,1.265347497897518
479,60,0.05,1.2335798593135907
480,60,0.075,1.2275217853472764
481,60,0.1,1.170380541758517
482,60,0.25,1.1072447622961672
483,60,0.5,1.0500001566744537
484,60,0.75,1.054412654260224
485,60,1.0,1.0447725969304376
486,61,0.01,1.2692932218740296
487,61,0.025,1.2599011912071871
488,61,0.05,1.2737810968953323
489,61,0.075,1.2552027329896331
490,61,0.1,1.2086344122876866
491,61,0.25,1.1191509441491458
492,61,0.5,1.0551199092414558
493,61,0.75,1.0560057486811019
494,61,1.0,1.0244564823265367
495,63,0.01,1.2796932771458485
496,63,0.025,1.2633495855037928
497,63,0.05,1.243626750661818
498,63,0.075,1.1988232987443395
499,63,0.1,1.194371444207408
500,63,0.25,1.1175175365356012
501,63,0.5,1.064544396801848
502,63,0.75,1.0518968173709906
503,63,1.0,1.0277491649059538
504,65,0.01,1.2649621755092664
505,65,0.025,1.2695595991701847
506,65,0.05,1.21650385826163
507,65,0.075,1.2032217212816256
508,65,0.1,1.1836498066063177
509,65,0.25,1.1293196360065627
510,65,0.5,1.0775883252419902
511,65,0.75,1.062843396804432
512,65,1.0,1.0378808038727403
513,67,0.01,1.2833255573073057
514,67,0.025,1.2547823300418255
515,67,0.05,1.2432894201772369
516,67,0.075,1.2397032497252765
517,67,0.1,1.2203618114420145
518,67,0.25,1.1415744735204685
519,67,0.5,1.0754233265190507
520,67,0.75,1.0522066784715793
521,67,1.0,1.0391771827621143
522,68,0.01,1.2062993883257587
523,68,0.025,1.2120627672910773
524,68,0.05,1.1951161821028826
525,68,0.075,1.1977038774840008
526,68,0.1,1.181836350372068
527,68,0.25,1.128563888837463
528,68,0.5,1.0701641144938083
529,68,0.75,1.0445890832397957
530,68,1.0,1.0302567617386078
531,70,0.01,1.2347544498274772
532,70,0.025,1.2348497305647799
533,70,0.05,1.2596055366377445
534,70,0.075,1.2233792702044557
535,70,0.1,1.1847975958603607
536,70,0.25,1.1333747336555726
537,70,0.5,1.0698118245367763
538,70,0.75,1.0464779981532688
539,70,1.0,1.0491158290405709
540,72,0.01,1.2740840968107996
541,72,0.025,1.2375512763747425
542,72,0.05,1.180033604197238
543,72,0.075,1.1776655522483708
544,72,0.1,1.1933004592743632
545,72,0.25,1.1107747780781807
546,72,0.5,1.0610556115862178
547,72,0.75,1.0428188764315145
548,72,1.0,1.0207165840785315
549,74,0.01,1.2504474146538458
550,74,0.025,1.218681053466696
551,74,0.05,1.210528396366442
552,74,0.075,1.2063570684861658
553,74,0.1,1.1764507587773805
554,74,0.25,1.130664673749604
555,74,0.5,1.0628869682996918
556,74,0.75,1.0293374056208435
557,74,1.0,1.046630461095547
558,76,0.01,1.1879174856310852
559,76,0.025,1.234412398701278
560,76,0.05,1.2091654412951218
561,76,0.075,1.1777310482831993
562,76,0.1,1.1926240782528712
563,76,0.25,1.1083768602743875
564,76,0.5,1.0558484170817621
565,76,0.75,1.0468605842147252
566,76,1.0,1.0303260715938372
567,78,0.01,1.2603399705983973
568,78,0.025,1.243008448545262
569,78,0.05,1.181490540984437
570,78,0.075,1.2015957654779266
571,78,0.1,1.181843074937305
572,78,0.25,1.1122569548864147
573,78,0.5,1.056173938991619
574,78,0.75,1.040118486288292
575,78,1.0,1.0511956743769817
576,81,0.01,1.2127447827068538
577,81,0.025,1.1803674543377731
578,81,0.05,1.1986008136248465
579,81,0.075,1.1458821526587863
580,81,0.1,1.1832870187417184
581,81,0.25,1.1092216355154996
582,81,0.5,1.058704359136935
583,81,0.75,1.0380421152247372
584,81,1.0,1.0282474286651597
585,83,0.01,1.2788870078991526
586,83,0.025,1.2263250421695933
587,83,0.05,1.203293539086097
588,83,0.075,1.1899742001167892
589,83,0.1,1.1902325308617652
590,83,0.25,1.1151459510916677
591,83,0.5,1.0711559272638764
592,83,0.75,1.041686116259564
593,83,1.0,1.0197062252173428
594,85,0.01,1.229695836371044
595,85,0.025,1.2433629438784042
596,85,0.05,1.1924662613421404
597,85,0.075,1.1520144502106868
598,85,0.1,1.1608557001896491
599,85,0.25,1.0824573686460566
600,85,0.5,1.058569229436256
601,85,0.75,1.0408575512597285
602,85,1.0,1.0092960389445533
603,87,0.01,1.2028201701050323
604,87,0.025,1.1756777418120725
605,87,0.05,1.2142796907053999
606,87,0.075,1.199777760085401
607,87,0.1,1.1430417200406096
608,87,0.25,1.1267613130917056
609,87,0.5,1.0589645037428204
610,87,0.75,1.0512008948849232
611,87,1.0,1.040947580132661
612,90,0.01,1.2253194728271861
613,90,0.025,1.2041256940808438
614,90,0.05,1.2376326057764597
615,90,0.075,1.2109182523854534
616,90,0.1,1.2204169212310303
617,90,0.25,1.1164551334248936
618,90,0.5,1.060391070244533
619,90,0.75,1.0352768258102971
620,90,1.0,1.033308597827193
621,92,0.01,1.2017789712534386
622,92,0.025,1.1682075487757766
623,92,0.05,1.2068345265174143
624,92,0.075,1.145310468462113
625,92,0.1,1.1527957906138218
626,92,0.25,1.0816570960029264
627,92,0.5,1.0474651242706017
628,92,0.75,1.0233946768041875
629,92,1.0,1.0334504362190629
630,95,0.01,1.3156872687592136
631,95,0.025,1.2327025890647372
632,95,0.05,1.2265121227930207
633,95,0.075,1.1866734914263288
634,95,0.1,1.1718219352104668
635,95,0.25,1.0830215243472834
636,95,0.5,1.0495756046694789
637,95,0.75,1.0176686162243689
638,95,1.0,0.9980444258779038
639,97,0.01,1.2878394290152348
640,97,0.025,1.3326316082816678
641,97,0.05,1.21224310199183
642,97,0.075,1.2004227348104353
643,97,0.1,1.194570555769503
644,97,0.25,1.1391089611532195
645,97,0.5,1.06841212626831
646,97,0.75,1.036113524219898
647,97,1.0,1.0122116486218093
648,100,0.01,1.2749806121854093
649,100,0.025,1.192559920386043
650,100,0.05,1.227830038808995
651,100,0.075,1.1781743060661132
652,100,0.1,1.1437187098216182
653,100,0.25,1.1074388440030924
654,100,0.5,1.0518445644102474
655,100,0.75,1.0361835738729477
656,100,1.0,1.01602493973677
657,103,0.01,1.2494704419579392
658,103,0.025,1.2474123568082733
659,103,0.05,1.1886848006353539
660,103,0.075,1.1705356908087916
661,103,0.1,1.1754121805621178
662,103,0.25,1.1052413586908498
663,103,0.5,1.0550239626023092
664,103,0.75,1.0421347684028648
665,103,1.0,1.0254948881224335
666,106,0.01,1.226405928527245
667,106,0.025,1.168430637731884
668,106,0.05,1.1773607201057192
669,106,0.075,1.1727737764190689
670,106,0.1,1.2048415605753426
671,106,0.25,1.1383129416263058
672,106,0.5,1.0565741669882955
673,106,0.75,1.0505461506133678
674,106,1.0,1.0045268286253872
675,109,0.01,1.244244412212562
676,109,0.025,1.1963366366914912
677,109,0.05,1.146966335264369
678,109,0.075,1.1829568849315315
679,109,0.1,1.1348761673139114
680,109,0.25,1.0812659848952295
681,109,0.5,1.0341910548695878
682,109,0.75,1.0328831533487621
683,109,1.0,1.0212112674059552
684,112,0.01,1.21728004910549
685,112,0.025,1.225840515454057
686,112,0.05,1.1571618985755467
687,112,0.075,1.2256896115556568
688,112,0.1,1.176363383433312
689,112,0.25,1.1202980401413214
690,112,0.5,1.0480937567890427
691,112,0.75,1.0328914267110205
692,112,1.0,1.0169175726264141
693,115,0.01,1.195459868242403
694,115,0.025,1.1970444548446508
695,115,0.05,1.1781321573844652
696,115,0.075,1.2006240418158285
697,115,0.1,1.1449370981471105
698,115,0.25,1.101876324614417
699,115,0.5,1.0463356194572064
700,115,0.75,1.0431612012525733
701,115,1.0,1.012261261265989
702,118,0.01,1.2240206437387995
703,118,0.025,1.2743967149383462
704,118,0.05,1.2002783070447771
705,118,0.075,1.1367676484363827
706,118,0.1,1.2001919303388782
707,118,0.25,1.093197735770505
708,118,0.5,1.0544083136340596
709,118,0.75,1.0431139492712758
710,118,1.0,1.027957461080982
711,121,0.01,1.2566650512929893
712,121,0.025,1.281317199459921
713,121,0.05,1.236429327677258
714,121,0.075,1.2338246008643479
715,121,0.1,1.2097350983719446
716,121,0.25,1.1221196716269661
717,121,0.5,1.0494490408099928
718,121,0.75,1.0301009657185647
719,121,1.0,1.038722976712723
720,124,0.01,1.2346651988027935
721,124,0.025,1.2583496560057519
722,124,0.05,1.2194729019214892
723,124,0.075,1.1693312640173588
724,124,0.1,1.1822214958995652
725,124,0.25,1.1440981735634113
726,124,0.5,1.0638941749531154
727,124,0.75,1.0556254127662719
728,124,1.0,1.0178710059850298
729,128,0.01,1.290618228891808
730,128,0.025,1.226179947867923
731,128,0.05,1.246394307987635
732,128,0.075,1.2215418989040687
733,128,0.1,1.2207046196503128
734,128,0.25,1.1057096197811687
735,128,0.5,1.0638628727302324
736,128,0.75,1.0488193275497055
737,128,1.0,1.0380556226488036
738,131,0.01,1.2492692364137907
739,131,0.025,1.3032368475859517
740,131,0.05,1.1788181803781397
741,131,0.075,1.186867115865767
742,131,0.1,1.1459461437759817
743,131,0.25,1.094738659207584
744,131,0.5,1.0596610008243825
745,131,0.75,1.0404196901656615
746,131,1.0,1.0051362390777445
747,135,0.01,1.2996118734118474
748,135,0.025,1.1713518471757451
749,135,0.05,1.1711710055040498
750,135,0.075,1.2371928472259173
751,135,0.1,1.1624108259162265
752,135,0.25,1.0952906203960744
753,135,0.5,1.0424862371534838
754,135,0.75,1.0471282308720733
755,135,1.0,1.0284097139478385
756,139,0.01,1.2555410515710648
757,139,0.025,1.2399558762404057
758,139,0.05,1.207821619200022
759,139,0.075,1.1846143460618208
760,139,0.1,1.1542821165324328
761,139,0.25,1.0847331053693425
762,139,0.5,1.0557030491725259
763,139,0.75,1.0326010229532416
764,139,1.0,1.0047754326548892
765,142,0.01,1.2642811989496687
766,142,0.025,1.2609914574526249
767,142,0.05,1.2100609072152908
768,142,0.075,1.1819123752921943
769,142,0.1,1.164355665509495
770,142,0.25,1.0996226170824448
771,142,0.5,1.0591705362254666
772,142,0.75,1.0385989055213143
773,142,1.0,1.0129072995627793
774,146,0.01,1.257971005049665
775,146,0.025,1.2554866771741047
776,146,0.05,1.2160471505590662
777,146,0.075,1.1900619776326131
778,146,0.1,1.174445874035647
779,146,0.25,1.090984536965431
780,146,0.5,1.0434896487971335
781,146,0.75,1.0251467196381663
782,146,1.0,1.011188059185204
783,150,0.01,1.251134149133919
784,150,0.025,1.279975543616838
785,150,0.05,1.2213022159140028
786,150,0.075,1.2017874335518988
787,150,0.1,1.1838382200363062
788,150,0.25,1.1166413107598796
789,150,0.5,1.043307621909416
790,150,0.75,1.009508725368991
791,150,1.0,1.0176999475006676
792,155,0.01,1.2374416943861188
793,155,0.025,1.22586594745243
794,155,0.05,1.2092361624506145
795,155,0.075,1.1809764064273756
796,155,0.1,1.1861636024126145
797,155,0.25,1.0994484437022498
798,155,0.5,1.0397390106911102
799,155,0.75,1.0322498807252014
800,155,1.0,1.0052683371465
801,159,0.01,1.2207792506231012
802,159,0.025,1.2173643181611817
803,159,0.05,1.2196022339413357
804,159,0.075,1.1825778199738988
805,159,0.1,1.1396408501299655
806,159,0.25,1.0944682549039122
807,159,0.5,1.044354780617561
808,159,0.75,1.031940347388125
809,159,1.0,1.0259889841657603
810,163,0.01,1.224886333592166
811,163,0.025,1.166055956505586
812,163,0.05,1.215675034917707
813,163,0.075,1.1753700730135845
814,163,0.1,1.172094025742064
815,163,0.25,1.098959970549645
816,163,0.5,1.0416700036644642
817,163,0.75,1.0074497914334515
818,163,1.0,1.0024859853657677
819,168,0.01,1.2019783157160866
820,168,0.025,1.2309296078688075
821,168,0.05,1.1398015903089753
822,168,0.075,1.181201084510695
823,168,0.1,1.188874042053894
824,168,0.25,1.107357015915599
825,168,0.5,1.0392149756483189
826,168,0.75,1.0133299832980764
827,168,1.0,0.9879591517072477
828,172,0.01,1.2526449259296797
829,172,0.025,1.2138071863300848
830,172,0.05,1.2342510698302904
831,172,0.075,1.2360545173464237
832,172,0.1,1.1897210391569475
833,172,0.25,1.112566210932365
834,172,0.5,1.0557142104522317
835,172,0.75,1.0404589462884637
836,172,1.0,1.0118595602818514
837,177,0.01,1.2508940757472482
838,177,0.025,1.1960649411223025
839,177,0.05,1.2083656648322707
840,177,0.075,1.1799118926792236
841,177,0.1,1.158423319543025
842,177,0.25,1.0806329807003312
843,177,0.5,1.0512568121400925
844,177,0.75,1.0184207899913877
845,177,1.0,1.0210314077091072
846,182,0.01,1.201128290916368
847,182,0.025,1.2067028870756422
848,182,0.05,1.2481438209431186
849,182,0.075,1.2173467481852978
850,182,0.1,1.172073814546236
851,182,0.25,1.0914513397471506
852,182,0.5,1.0291639250032265
853,182,0.75,1.0385893850281063
854,182,1.0,1.0113005017279768
855,187,0.01,1.2733285463504647
856,187,0.025,1.2521907871305213
857,187,0.05,1.3753298946447954
858,187,0.075,1.251821764027432
859,187,0.1,1.162601380167164
860,187,0.25,1.1035432500479123
861,187,0.5,1.042045723279304
862,187,0.75,1.0172476379184543
863,187,1.0,1.0064326838625837
864,192,0.01,1.213067199183711
865,192,0.025,1.3044256292103125
866,192,0.05,1.1905725721912646
867,192,0.075,1.182827953789479
868,192,0.1,1.1474112955595164
869,192,0.25,1.1099946795770972
870,192,0.5,1.0643066917168937
871,192,0.75,1.0395222387365353
872,192,1.0,1.0195417581258148
873,197,0.01,1.247753700194286
874,197,0.025,1.237093045670651
875,197,0.05,1.1979611806285764
876,197,0.075,1.1713286488857815
877,197,0.1,1.1893944687235312
878,197,0.25,1.0881779104659532
879,197,0.5,1.0258914250581235
880,197,0.75,1.000450176733466
881,197,1.0,1.0142219398627317
882,203,0.01,1.2454384027293282
883,203,0.025,1.325822724882908
884,203,0.05,1.1671310357659026
885,203,0.075,1.317077922577841
886,203,0.1,1.268171775446583
887,203,0.25,1.0917575247313627
888,203,0.5,1.0300565665617603
889,203,0.75,0.9994577634004349
890,203,1.0,0.9901246592816717
891,208,0.01,1.2209742385332314
892,208,0.025,1.2779980856340059
893,208,0.05,1.2363656502014573
894,208,0.075,1.1823971389051486
895,208,0.1,1.1754933019852416
896,208,0.25,1.076654381177236
897,208,0.5,1.0216025966483668
898,208,0.75,1.0156909912159717
899,208,1.0,0.9968399691129441
900,214,0.01,1.1772596587442692
901,214,0.025,1.2042017469997575
902,214,0.05,1.1945306948660646
903,214,0.075,1.1486149121519649
904,214,0.1,1.2070785477158132
905,214,0.25,1.0591897082614938
906,214,0.5,1.0417563401816832
907,214,0.75,1.0192423653670541
908,214,1.0,1.013147062675869
909,220,0.01,1.3181474064060437
910,220,0.025,1.2290124328539802
911,220,0.05,1.2209201130277636
912,220,0.075,1.176931692399271
913,220,0.1,1.2310962663216127
914,220,0.25,1.120247331435647
915,220,0.5,1.0389498258441554
916,220,0.75,1.0142790437417792
917,220,1.0,1.0268273418593088
918,226,0.01,1.3325805104455908
919,226,0.025,1.1911785267027728
920,226,0.05,1.2320030377284201
921,226,0.075,1.1735867817470318
922,226,0.1,1.140859993029017
923,226,0.25,1.0986987171387508
924,226,0.5,1.034869802633673
925,226,0.75,1.027313759182623
926,226,1.0,1.0024127151428797
927,232,0.01,1.1936575294950478
928,232,0.025,1.2743934257816774
929,232,0.05,1.19626945039595
930,232,0.075,1.1878733192522821
931,232,0.1,1.1171773041629
932,232,0.25,1.0916938862086267
933,232,0.5,1.0289356800397949
934,232,0.75,0.993958458109212
935,232,1.0,0.9932891149804668
936,238,0.01,1.1993785787368578
937,238,0.025,1.2540262819134966
938,238,0.05,1.1836384011259824
939,238,0.075,1.227794776570895
940,238,0.1,1.209099757786058
941,238,0.25,1.090664404296886
942,238,0.5,1.0287913716461867
943,238,0.75,1.0058740150150252
944,238,1.0,1.0021869649847615
945,245,0.01,1.1783269152404134
946,245,0.025,1.2795267499791496
947,245,0.05,1.2557989673857328
948,245,0.075,1.1593454426519259
949,245,0.1,1.1322998415429852
950,245,0.25,1.0697431154852861
951,245,0.5,1.0304969336383465
952,245,0.75,1.0155233428471062
953,245,1.0,0.9963740641373882
954,252,0.01,1.246322570914562
955,252,0.025,1.3804660344983084
956,252,0.05,1.2558952508068453
957,252,0.075,1.1785441575169866
958,252,0.1,1.2232347752302317
959,252,0.25,1.1209062105211878
960,252,0.5,1.025334243029488
961,252,0.75,1.0060746244534258
962,252,1.0,1.0027394435572496
963,259,0.01,1.2375814885693925
964,259,0.025,1.2049956863086733
965,259,0.05,1.246699958309601
966,259,0.075,1.2163665601494706
967,259,0.1,1.1763707629261146
968,259,0.25,1.0859775946494512
969,259,0.5,1.0139706984307573
970,259,0.75,1.0143316520936638
971,259,1.0,1.0236472178104101
972,266,0.01,1.2772839963171574
973,266,0.025,1.208094142416825
974,266,0.05,1.276137271458845
975,266,0.075,1.131901911575234
976,266,0.1,1.1105260770844012
977,266,0.25,1.06157802484136
978,266,0.5,1.0162811636907438
979,266,0.75,0.9880591902393947
980,266,1.0,1.0084603430135495
981,273,0.01,1.3044043942029884
982,273,0.025,1.1909343723495942
983,273,0.05,1.2417694677935716
984,273,0.075,1.1919638341365415
985,273,0.1,1.1635577063770182
986,273,0.25,1.0998086459343686
987,273,0.5,1.027925337265689
988,273,0.75,1.0209027894797194
989,273,1.0,1.0029361944281883
990,281,0.01,1.1665887441991476
991,281,0.025,1.2507282695202644
992,281,0.05,1.19268626461806
993,281,0.075,1.1517252474638182
994,281,0.1,1.1271732528605982
995,281,0.25,1.077944906028251
996,281,0.5,1.0480216743106894
997,281,0.75,1.0020946412672567
998,281,1.0,1.017896363659621
999,288,0.01,1.2693638685006396
1000,288,0.025,1.2300108391282754
1001,288,0.05,1.1738997447721182
1002,288,0.075,1.2362828269523405
1003,288,0.1,1.1650316018600213
1004,288,0.25,1.095215907517404
1005,288,0.5,1.0336841427116674
1006,288,0.75,1.0101107185891873
1007,288,1.0,1.0209214989116289
1008,296,0.01,1.2564017490967734
1009,296,0.025,1.1980040776921
1010,296,0.05,1.1486116342505364
1011,296,0.075,1.18505334754858
1012,296,0.1,1.1727333548796057
1013,296,0.25,1.065048868159125
1014,296,0.5,1.0232720196927794
1015,296,0.75,0.9891359709033809
1016,296,1.0,0.9994325931010044
1017,304,0.01,1.2014136180489317
1018,304,0.025,1.1969022099946
1019,304,0.05,1.1854925083924188
1020,304,0.075,1.0844545446758849
1021,304,0.1,1.1000709527083705
1022,304,0.25,1.0789698064032667
1023,304,0.5,1.0344543339192214
1024,304,0.75,1.0139498688360646
1025,304,1.0,0.9860214034620887
1026,313,0.01,1.2993927322530219
1027,313,0.025,1.1871369923588597
1028,313,0.05,1.2241978113388603
1029,313,0.075,1.1540686399284263
1030,313,0.1,1.2081087049035997
1031,313,0.25,1.0862562124484434
1032,313,0.5,1.0338869023184847
1033,313,0.75,1.0071821153406848
1034,313,1.0,0.9973607422147346
1035,321,0.01,1.1783934525763504
1036,321,0.025,1.2255847105124449
1037,321,0.05,1.12045262902656
1038,321,0.075,1.28099654642285
1039,321,0.1,1.133365151398272
1040,321,0.25,1.064640060469431
1041,321,0.5,1.0240439002453225
1042,321,0.75,1.009956938605785
1043,321,1.0,0.9923871664883519
1044,330,0.01,1.2031072926196273
1045,330,0.025,1.2408210523184682
1046,330,0.05,1.1738004607056425
1047,330,0.075,1.2415559273063606
1048,330,0.1,1.1541402233825364
1049,330,0.25,1.1190156716098274
1050,330,0.5,1.0175533000595705
1051,330,0.75,0.9933706263094164
1052,330,1.0,1.0013038340474143
1053,339,0.01,1.2308357802019279
1054,339,0.025,1.195357566254808
1055,339,0.05,1.1717566585710824
1056,339,0.075,1.1555194810769542
1057,339,0.1,1.1118175182331047
1058,339,0.25,1.0768267299632717
1059,339,0.5,1.0176940794433742
1060,339,0.75,1.023711483219948
1061,339,1.0,1.0284051608095126
1062,348,0.01,1.1867385399212322
1063,348,0.025,1.153551504025362
1064,348,0.05,1.1821085835191827
1065,348,0.075,1.1262892342019741
1066,348,0.1,1.078156855000251
1067,348,0.25,1.0578476610188225
1068,348,0.5,1.0198700254525255
1069,348,0.75,0.99341152343347
1070,348,1.0,0.9910155579963549
1071,358,0.01,1.1699646721394217
1072,358,0.025,1.1538309474561528
1073,358,0.05,1.0909017715026685
1074,358,0.075,1.1665512042140973
1075,358,0.1,1.1772551841887324
1076,358,0.25,1.0450289686058936
1077,358,0.5,1.015627915227018
1078,358,0.75,1.0002320127909705
1079,358,1.0,0.9981985475036605
1080,368,0.01,1.287024466510192
1081,368,0.025,1.1426994200976361
1082,368,0.05,1.1789327959643767
1083,368,0.075,1.1502944120665042
1084,368,0.1,1.089268153286775
1085,368,0.25,1.05746008462447
1086,368,0.5,1.018448810111166
1087,368,0.75,0.990394731384729
1088,368,1.0,0.9912381405080737
1089,378,0.01,1.1892927158829716
1090,378,0.025,1.2471020502135692
1091,378,0.05,1.200327363623221
1092,378,0.075,1.0803471409490104
1093,378,0.1,1.1361672508495655
1094,378,0.25,1.0735315469529887
1095,378,0.5,1.0095300984012043
1096,378,0.75,1.0056719324991112
1097,378,1.0,0.990838933589524
1098,388,0.01,1.2025908674450765
1099,388,0.025,1.1758875271693991
1100,388,0.05,1.1613354049552456
1101,388,0.075,1.1578719699597686
1102,388,0.1,1.1567822148899376
1103,388,0.25,1.0499643800855383
1104,388,0.5,1.0087995139432007
1105,388,0.75,0.9889573250369832
1106,388,1.0,0.9803722937141428
1107,399,0.01,1.1855595769529401
1108,399,0.025,1.1388520856836415
1109,399,0.05,1.0964160796697477
1110,399,0.075,1.082528855055866
1111,399,0.1,1.065754659450758
1112,399,0.25,1.0717851073531932
1113,399,0.5,1.0255085150590446
1114,399,0.75,1.0224139732098871
1115,399,1.0,0.9955640990603642
1116,410,0.01,1.2386426565754318
1117,410,0.025,1.1452796107304692
1118,410,0.05,1.109435024243484
1119,410,0.075,1.1890628814593978
1120,410,0.1,1.098804490806371
1121,410,0.25,1.0256121580397588
1122,410,0.5,1.0175192331505833
1123,410,0.75,0.9814940118309377
1124,410,1.0,0.9813465977433937
1125,421,0.01,1.1548634390125496
1126,421,0.025,1.0743268563659925
1127,421,0.05,1.1619944479934396
1128,421,0.075,1.0507962148395062
1129,421,0.1,1.1122251027166534
1130,421,0.25,1.060557930752366
1131,421,0.5,1.0133517246430328
1132,421,0.75,0.9871994354860503
1133,421,1.0,0.9843872391655104
1134,432,0.01,1.163347738581046
1135,432,0.025,1.0961787209295872
1136,432,0.05,1.1196257896203257
1137,432,0.075,1.064339473646867
1138,432,0.1,1.1035931169624709
1139,432,0.25,1.042338744975817
1140,432,0.5,1.0193200174785
1141,432,0.75,1.002096004002289
1142,432,1.0,0.9995441582396305
